nombre,descripcion,periodicidad,fecha_ultima_publicacion,sentido,unidad_medida,fuente,fecha_actualizacion,valor_actual,2014,2013,2012,2011,2010
Abandono escolar  Primaria,"Es el total de alumnos que abandonan las actividades escolares antes de concluir algún grado o nivel educativo, expresado como porcentaje del total de alumnos inscritos en el ciclo escolar.",Anual,Noviembre 2013,Descendente,Porcentaje,"SEP, Sistema Nacional de  Información Estadistica   Educativa (SNIEE). Mayo México: estimaciones 2014.",00:00.0,0.88,0.88,1.18,0.98,0.92,0.81
Abandono escolar Media Superior,"Es el total de alumnos que abandonan las actividades escolares antes de concluir algún grado o nivel educativo, expresado como porcentaje del total de alumnos inscritos en el ciclo escolar.",Anual,Noviembre 2013,Descendente,Porcentaje,"SEP, Sistema Nacional de Información Estadística Educativa (SNIEE) Mayo  México: estimaciones  2014.",00:00.0,2.93,2.93,6.23,13.16,15.36,7.96
Abandono escolar Secundaria,"Es el total de alumnos que abandonan las actividades escolares antes de concluir algún grado o nivel educativo, expresado como porcentaje del total de alumnos inscritos en el ciclo escolar.",Anual,Noviembre 2013,Descendente,Porcentaje,"SEP,Sistema Nacional de Información Estadística Educativa (SNIEE).Mayo  México: estimaciones 2014.",00:00.0,5.31,5.31,5.59,6.55,6.9,8.17
Abandono escolar Superior,"Es el total de alumnos que abandonan las actividades escolares antes de concluir algún grado o nivel educativo, expresado como porcentaje del total de alumnos inscritos en el ciclo escolar.",Anual,Noviembre 2013,Descendente,Porcentaje,"SEP, Sistema Nacional de Información Estadística Educativa (SNIEE).Mayo  México: estimaciones  2014 .",00:00.0,-0.04,-0.04,-2.22,4.13,6.55,8
Absorción media superior,"Indica el porcentaje de alumnos que se inscriben en un nivel educativo, con respecto al número de alumnos que egresaron del nivel educativo inmediato anterior, cuyo ciclo recién terminó.",Anual,Noviembre 2013,Ascendente,Porcentaje,"SEP, Sistema Nacional de Información Estadística Educativa (SNIEE) Mayo  México: estimaciones  2014.",00:00.0,89.84,89.84,92.18,94.56,104.57,82.4
Absorción secundaria,"Indica el porcentaje de alumnos que se inscriben en un nivel educativo, con respecto al número de alumnos que egresaron del nivel educativo inmediato anterior, cuyo ciclo recién terminó.",Anual,Noviembre 2013,Ascendente,Porcentaje,"SEP,Sistema Nacional de Información Estadística Educativa (SNIEE) Mayo  México: estimaciones 2014.",00:00.0,97.69,97.69,97.5,96.73,97.32,97
Absorción superior,"Indica el porcentaje de alumnos que se inscriben en un nivel educativo, con respecto al número de alumnos que egresaron del nivel educativo inmediato anterior, cuyo ciclo recién terminó.",Anual,Noviembre 2013,Ascendente,Porcentaje,"SEP,Sistema Nacional de Información Estadística Educativa (SNIEE) Mayo México: estimaciones 2014.",00:00.0,59.12,59.12,56.5,95.5,94.03,104.8
Alumnos atendidos en educación especial,"Este indicador contabiliza el número de alumnos atendidos en educación especial, tanto en los Centros de Atención Múltiple (CAM) como en los Unidades de Servicio y Apoyo a la Educación Regular (USAER).",Anual,Diciembre 2013,Ascendente,Alumnos,Dirección de Estadística y Sistemas de Información. Secretaría de Educación Jalisco. México: estimaciones 2014.,00:00.0,33874,33874,32911,31066,31589,30595
Analfabetismo,"Es el porcentaje de la población de 15 años y más que no sabe leer ni escribir un texto breve y sencillo sobre un tema relativo a su vida cotidiana, ni posee el dominio del cálculo básico.",Anual,Diciembre 2014,Descendente,Porcentaje,"Secretaría de Educación Pública, Sistema Nacional de Información Estadística Educativa (SNIEE), Reporte de Indicadores Educativos actualizado en diciembre del 2014. (http://www.snie.sep.gob.mx/indicadores_pronosticos.html)
Censo de Población y Vivienda 2010.",00:00.0,3.6,3.6,3.7,3.9,4.2,4.5
Atención a la demanda potencial media superior,"Es el porcentaje de la matrícula total de inicio de cursos de un nivel educativo (demanda atendida) entre la población en edad escolar del nivel en cuestión, que solicita la prestación de este servicio (demanda potencial).",Anual,Noviembre 2013,Ascendente,Porcentaje,"SEP, Sistema Nacional de Información Estadística Educativa (SNIEE) Mayo México: estimaciones  2014.",00:00.0,93.93,93.93,94.6,86.86,88.56,87.14
Atención a la demanda potencial preescolar,Es el porcentaje de la matrícula de 3-5 años de inicio de cursos de un nivel educativo (demanda atendida) entre la población en edad escolar del rango de edad 3-5 años disminuida por la población atendida en primaria de ese mismo rango de edad.,Anual,Diciembre 2013,Ascendente,Porcentaje,Dirección de Estadística y Sistemas de Información. Secretaría de Educación Jalisco. México: Mayo 2015.,00:00.0,79.68,79.68,78.42,78.39,78.58,78.08
Atención a la demanda potencial primaria,Es el porcentaje de la matrícula de 6-11 años de inicio de cursos de un nivel educativo (demanda atendida) entre la población en edad escolar del rango de edad 6-11 años disminuida por la población con primaria terminada de ese mismo rango de edad (demanda potencial).,Anual,Diciembre 2013,Ascendente,Porcentaje,Dirección de Estadística y Sistemas de Información. Secretaría de Educación Jalisco. México: Mayo  2015.,00:00.0,101.38,101.38,103.8,102.71,103.48,103.3
Atención a la demanda potencial secundaria,"Es el porcentaje de la matrícula total de inicio de cursos de un nivel educativo (demanda atendida) entre la población en edad escolar del nivel en cuestión, que solicita la prestación de este servicio (demanda potencial).",Anual,Noviembre 2013,Ascendente,Porcentaje,"SEP, Sistema Nacional de Información Estadística Educativa (SNIEE) Mayo México. estimaciones 2014.",00:00.0,94.46,94.46,94.14,93.06,92.74,91.51
"Becas de instituciones de educación privada, gestionadas y entregadas a jóvenes (IJJ)","Este indicador evalúa la contribución del Instituto Jalisciense de la Juventud para que, los jóvenes que no ingresan al sistema educativo público, continúen su educación media superior y superior en universidades y escuelas privadas.",Mensual,,Ascendente,Becas,Coordinación de Servicios Juveniles. Instituto Jalisciense de la Juventud. México: 2015.,00:00.0,260,1823,512,177,167,215
Becas para estudiantes hijos de jornaleros migrantes,"Este indicador mide la cantidad de niños, hijos de jornaleros migrantes que mediante una beca escolar son subsidiados en su incorporación a la escuela y con ello son rescatados del trabajo en el campo.",Mensual,,Ascendente,Becas,Elaborado por el Sistema DIF Jalisco con datos de la Dirección de Desarrollo Comunitario. México:2014.,00:00.0,0,1000,1000,1000,1795,205
"Becas para niñas, niños y adolescentes en edad escolar y en situación de vulnerabilidad",Es el apoyo económico o en especie otorgado como subsidio a la educación de niños y adolescentes de escasos recursos económicos.,Anual,Agosto 2014,Ascendente,Becas,Elaborado por el Sistema DIF Jalisco con datos de la Dirección de Protección a la Infancia (Control de becas otorgadas). México:2014.,00:00.0,0,5198,4015,3315,3153,3074
Cédulas profesionales emitidas,Este indicador señala la cantidad de cédulas estatales que se entregan para el ejercicio de las profesiones en el estado.,Mensual,,Ascendente,Cédulas,Dirección de Profesiones del Estado. Secretaría General de Gobierno. México:  2015.,00:00.0,4200,10471,9667,8117,7212,6928
Cobertura en educación secundaria,"Este indicador se refiere al porcentaje de alumnos atendidos en el nivel de secundaria, con respecto a la población estimada de 13 a 15 años que representa la edad para cursar este nivel.",Anual,Noviembre 2013,Ascendente,Porcentaje,"SEP,Sistema Nacional de Información Estadística Educativa (SNIEE) Mayo México: Reporte de indicadores educativos actualizado en diciembre de 2014.",00:00.0,103.4,103.4,97.67,92.28,86.46,85.69
Cobertura media superior (16 a 18 años),"Este indicador se refiere al porcentaje de alumnos atendidos en el nivel de media superior, con respecto a la población de 16 a 18 años que representa la edad para cursar dicho nivel.",Anual,Noviembre 2013,Ascendente,Porcentaje,http://www.snie.sep.gob.mx/indicadores_pronosticos.html .  Su valor para mayo de 2015 hace referencia actualización en diciembre 2014.,00:00.0,72.1,72.1,67.73,61.44,60.41,58.29
Cobertura preescolar (3 a 5 años),Es la proporción de alumnos inscritos del nivel de preescolar respecto a la población de 3 a 5 años de edad.,Anual,Noviembre 2013,Ascendente,Porcentaje,http://www.snie.sep.gob.mx/indicadores_pronosticos.html .  Su valor para mayo de 2015 hace referencia actualización en diciembre 2014.,00:00.0,70.79,70.79,70.52,70.63,70.81,70.44
Cobertura primaria (6 a 12 años),"Es el porcentaje de alumnos atendidos en un nivel educativo (primaria), con respecto a la población que representa la edad para cursar dicho nivel.",Anual,Noviembre 2013,Ascendente,Porcentaje,"SEP,Sistema Nacional de Información Estadística Educativa (SNIEE). Mayo  México: estimaciones 2014.",00:00.0,90.95,90.95,93.03,94.61,96.28,95.51
Cobertura superior (incluye posgrado) (19 a 24 años),"Es la proporción de la matrícula total del nivel técnico superior universitario, licenciatura y posgrado de la modalidad escolarizada, respecto al total de población de 19-24 años.",Anual,Diciembre 2014,Ascendente,Porcentaje,"SEP, Sistema Nacional de Información Estadística Educativa, 2014.",00:00.0,26.52,26.52,26.5,25.38,24.92,23.69
Eficiencia terminal media superior,Es la relación porcentual de alumnos que termina el nivel de educación media superior de manera regular dentro del tiempo ideal establecido.,Anual,Noviembre 2013,Ascendente,Porcentaje,http://www.snie.sep.gob.mx/indicadores_pronosticos.html .  Su valor para mayo de 2015 hace referencia actualización en diciembre 2014.,00:00.0,67.36,67.36,78.88,65.62,70.82,64.6
Eficiencia terminal primaria,Es la relación porcentual de alumnos que termina el nivel de primaria de manera regular dentro del tiempo ideal establecido.,Anual,Noviembre 2013,Ascendente,Porcentaje,http://www.snie.sep.gob.mx/indicadores_pronosticos.html .  Su valor para mayo de 2015 hace referencia actualización en diciembre 2014.,00:00.0,95.91,95.91,95.54,92.79,95.39,94.13
Eficiencia terminal secundaria,Este indicador se refiere a la relación porcentual entre los egresados de secundaria y el número de estudiantes de nuevo ingreso al primer grado de ese nivel educativo de los dos ciclos escolares anteriores al que se calcula.,Anual,Noviembre 2013,Ascendente,Porcentaje,http://www.snie.sep.gob.mx/indicadores_pronosticos.html .  Su valor para mayo de 2015 hace referencia actualización en diciembre 2014.,00:00.0,83.95,83.95,82.86,80.99,79.2,76.66
Egresados en primaria,"Se refiere al número de alumnos que han acreditado satisfactoriamente todas las asignaturas y actividades que integran el plan de estudios de un determinado nivel educativo y que, por lo tanto, están en posibilidad de inscribirse o cursar el nivel educativo inmediato superior.",Anual,Noviembre 2013,Ascendente,Alumnos,http://www.snie.sep.gob.mx/indicadores_pronosticos.html .  Su valor para mayo de 2015 hace referencia actualización en diciembre 2014.,00:00.0,165163,165163,160412,163211,139596,137708
Egresados media superior,"Se refiere al número de alumnos que han acreditado satisfactoriamente todas las asignaturas y actividades que integran el plan de estudios de un determinado nivel educativo y que, por lo tanto, están en posibilidad de inscribirse o cursar el nivel educativo inmediato superior.",Anual,Noviembre 2013,Ascendente,Alumnos,http://www.snie.sep.gob.mx/indicadores_pronosticos.html .  Su valor para mayo de 2015 hace referencia actualización en diciembre 2014.,00:00.0,75055,75055,74006,62915,62836,53996
Egresados secundaria,"Se refiere al número de alumnos que han acreditado satisfactoriamente todas las asignaturas y actividades que integran el plan de estudios de un determinado nivel educativo y que, por lo tanto, están en posibilidad de inscribirse o cursar el nivel educativo inmediato superior.",Anual,Noviembre 2013,Ascendente,Alumnos,http://www.snie.sep.gob.mx/indicadores_pronosticos.html .  Su valor para mayo de 2015 hace referencia actualización en diciembre 2014.,00:00.0,114056,114056,110684,107861,106563,103048
Empresas beneficiadas con proyectos de ciencia y tecnología,"Este indicador se refiere a las empresas beneficiadas por apoyos en materia de ciencia, tecnología e innovación.",Mensual,,Ascendente,Empresas,"Consejo Estatal de Ciencia y Tecnología de Jalisco, México: 2015.",00:00.0,139,236,139,1227,1771,2091
Familias capacitadas mediante el programa de Escuela Comunitaria Activa para Padres de Familia (ECAPAF),"Este indicador mide la cantidad de familias fortalecidas al recibir capacitación en la Escuela Comunitaria Activa para Padres de Familia (Ecapaf). En ella, adquieren habilidades para ser padres, madres e hijos asumiendo los roles que a cada quien corresponde en la familia y siendo responsables con la práctica de valores universales.",Mensual,,Ascendente,Familias,"Elaborado por el Sistema DIF Jalisco con datos del Sistema de Información Estatal y Municipal, SIEM-DIF (Reporte intermedio de Grupos). México:2014.",00:00.0,958,3000,4148,57569,51339,45626
Gasto público estatal en educación por alumno (incluye servicios personales y gastos de operación),Este indicador permite conocer el promedio por alumno de los recursos financieros que se invierten en el sector educativo.,Anual,,Ascendente,Pesos,Dirección de Programación y Presupuesto. Secretaría de Educación Jalisco. Estimación 2015.,00:00.0,14600,14000,14000,12780,12700,12700
Grado promedio de escolaridad,"Este indicador se refiere al número promedio de grados escolares aprobados por la población de 15 años y más. Puede considerarse como un patrón de medida, ya que fue diseñado en tal forma que permite una comparación internacional.",Anual,Noviembre 2013,Ascendente,Promedio,http://www.snie.sep.gob.mx/indicadores_pronosticos.html .  Su valor para mayo de 2015 hace referencia actualización en diciembre 2014.,00:00.0,9.1,9.1,9,8.9,8.8,8.7
Matrícula educación media superior,"Total de alumnos inscritos en bachillerato general, tecnológico y profesional medio. La edad oscila entre los 16 a 18 años.",Anual,Noviembre 2013,Ascendente,Alumnos,http://www.snie.sep.gob.mx/indicadores_pronosticos.html .  Su valor para mayo de 2015 hace referencia actualización de diciembre 2014.,00:00.0,312783,312783,293978,266685,262084,252221
Matrícula en educación superior,"Es el total de alumnos inscritos en Educación Superior, de la modalidad escolarizada. Incluye: Técnico Superior Universitario,  Licenciatura y Posgrado. En edades de 19 a 24 años.",Anual,Noviembre 2013,Ascendente,Alumnos,http://www.snie.sep.gob.mx/indicadores_pronosticos.html .  Su valor para mayo de 2015 hace referencia actualización en diciembre 2014.,00:00.0,228624,228624,222027,211662,205686,193416
Patentes por millón de habitantes,Este indicador exhibe el número de patentes solicitadas por residentes de Jalisco ante el IMPI por millón de habitantes.,Trimestral,Diciembre 2014,Ascendente,Coeficiente,"SE, Instituto Mexicano de Propiedad Intelectual, 2014.",00:00.0,4.18,20.67,15,16.19,15.27,14.1
Población alfabetizada,"Es el número de personas que acreditan con examen final el módulo La palabra en la vertiente hispanohablante y los módulos MIBES 1, 2 y 4 en la vertiente indígena. Son capaces de comprender, producir y usar convenciones básicas del lenguaje escrito, y las nociones elementales de matemáticas.",Mensual,,Ascendente,Personas,Instituto Estatal para la Educación de los Jóvenes y Adultos (INEEJAD) y Dirección General de Educación Permanente de la Secretaría de Educación Jalisco. Resultados 2015.,00:00.0,1415,5092,3066,5239,6079,7196
Población indígena analfabeta de 15 años y más,Porcentaje de la población indígena en el Estado de Jalisco de 15 años y más que no sabe leer y escribir.,Quinquenal,Diciembre 2010,Descendente,Porcentaje,"CDI, Sistema de indicadores sobre la población indígena de México con base en INEGI Censo de Población y Vivienda, 2010.",00:00.0,11.44,11.44,11.44,11.44,11.44,11.44
Población total con rezago educativo,"Porcentaje de la población mayor de 15 años (adultos) que no tienen desarrolladas las habilidades básicas para leer, escribir y hacer cuentas, o que no iniciaron o no concluyeron su educación primaria o secundaria.",Anual,Diciembre 2013,Descendente,Porcentaje,"Instituto Estatal para la Educación de Jóvenes y Adultos (INEEJAD).
INEA con base en censos y conteos de población y vivienda de INEGI.",00:00.0,37.7,37.7,39.1,40.3,40.9,41.7
"Porcentaje de alumnos con niveles de logro bueno y excelente en la prueba ENLACE, en media superior asignatura Habilidad Lectora","Porcentaje de alumnos con logro académico bueno y excelente en la prueba ENLACE en media superior, asignatura habilidad lectora, es la suma de los porcentajes de alumnos en los niveles de logro  bueno y excelente; considera a todos los alumnos que han desarrollado habilidades buenas y excelentes; como complemento se obtiene el porcentaje de alumnos en elemental e insuficiente.",Anual,Septiembre 2014,Ascendente,Porcentaje,Dirección General de Evaluación Educativa de la Secretaría de Educación Jalisco.,00:00.0,50.2,50.2,56.3,59.3,57.3,59.6
"Porcentaje de alumnos con niveles de logro bueno y excelente en la prueba ENLACE, en media superior Habilidad Matemática","Porcentaje de alumnos con niveles de logro bueno y excelente en la prueba ENLACE en media superior, asignatura Matemáticas, es la suma de los porcentajes de alumnos en los niveles de logro bueno y excelente; considera a todos los alumnos que han desarrollado habilidades buenas y excelentes; como complemento se obtiene el porcentaje de alumnos en elemental e insuficiente.",Anual,Septiembre 2014,Ascendente,Porcentaje,Dirección General de Evaluación Educativa de la Secretaría de Educación Jalisco.,00:00.0,39.8,39.8,36,32.7,21.8,18.4
"Porcentaje de alumnos con niveles de logro bueno y excelente en la prueba ENLACE, en primaria asignatura Español","Porcentaje de alumnos con niveles de logro bueno y excelente en la prueba ENLACE en primaria, asignatura Español, es la suma de los porcentajes de alumnos en los niveles de logro bueno y excelente; considera a todos los alumnos que han desarrollado habilidades buenas y excelentes; como complemento se obtiene el porcentaje de alumnos en elemental e insuficiente.",Anual,Septiembre 2013,Ascendente,Porcentaje,Dirección General de Evaluación Educativa de la Secretaría de Educación Jalisco.,00:00.0,40.9,40.9,40.9,38.3,40,37
"Porcentaje de alumnos con niveles de logro bueno y excelente en la prueba ENLACE, en primaria asignatura Matemáticas","Porcentaje de alumnos con niveles de logro bueno y excelente en la prueba ENLACE en primaria, asignatura Matemáticas, es la suma de los porcentajes de alumnos en los niveles de logro bueno y excelente; considera a todos los alumnos que han desarrollado habilidades buenas y excelentes; como complemento se obtiene el porcentaje de alumnos en elemental e insuficiente.",Anual,Septiembre 2013,Ascendente,Porcentaje,Dirección General de Evaluación Educativa de la Secretaría de Educación Jalisco.,00:00.0,49.2,49.2,49.2,42.7,39.1,35.9
"Porcentaje de alumnos con niveles de logro bueno y excelente en la prueba ENLACE, en secundaria asignatura Español","Porcentaje de alumnos con logro académico  bueno y excelente en la prueba ENLACE en secundaria, asignatura Español, es la suma de los porcentajes de alumnos en los niveles de logro bueno y excelente; considera a todos los alumnos que han desarrollado habilidades buenas y excelentes, como complemento se obtiene el porcentaje de alumnos en insuficiente.",Anual,Septiembre 2013,Ascendente,Porcentaje,Dirección General de Evaluación Educativa de la Secretaría de Educación Jalisco.,00:00.0,18.4,18.4,18.4,20.6,17.1,19.1
"Porcentaje de alumnos con niveles de logro bueno y excelente en la prueba ENLACE, en secundaria asignatura Matemáticas","Porcentaje de alumnos  con niveles de logro bueno y excelente en la prueba ENLACE en secundaria, asignatura Matemáticas, es la suma de los porcentajes de alumnos en los niveles de logro bueno y excelente; considera a todos los alumnos que han desarrollado habilidades buenas y excelentes; como complemento se obtiene el porcentaje de alumnos en elemental e insuficiente.",Anual,Septiembre 2013,Ascendente,Porcentaje,Dirección General de Evaluación Educativa de la Secretaría de Educación Jalisco.,00:00.0,19.8,19.8,19.8,18.2,15.4,12.7
Porcentaje de titulación con respecto al número de egresados,Es la proporción de alumnos titulados en educación superior con respecto al total de egresados del mismo nivel.,Anual,Diciembre 2013,Ascendente,Porcentaje,Dirección de Estadística y Sistemas de Información. Secretaría de Educación Jalisco. México: Estimaciones 2014.,00:00.0,75.91,75.91,66.9,55.12,58.79,77.01
Porcentaje nacional de representación de los miembros del S.N.I.,Este indicador exhibe el número de investigadores de Jalisco con nivel SNI (Sistema Nacional de Investigadores) entre el total registrado a nivel nacional.,Anual,Agosto 2014,Ascendente,Porcentaje,Consejo Nacional de Ciencia y Tecnología (CONACYT). México: 2014.,00:00.0,5.1,5.07,5.23,5.23,5.21,5.32
Posición de Jalisco en Olimpiada Nacional,Este indicador muestra la posición de Jalisco a nivel nacional como resultado de olimpiadas nacionales.,Anual,Julio 2014,Descendente,Posición,"SEP, Comisión Nacional de Cultura Física y Deporte, 2014.",00:00.0,1,1,1,1,1,1
"Posición en el ""Índice de Desarrollo Humano, IDH""","El Índice de Desarrollo Humano (IDH) fue construido por el Programa de las Naciones Unidas para el Desarrollo (PNUD) en 1990. Como su nombre lo señala dicho índice permite observar el desarrollo de un país y compararlo con la situación que se vive en otras naciones. 

El desarrollo humano es un proceso de incremento de la libertad de elección de las personas. Esta última se alcanza a través de la expansión de las capacidades humanas entre las que se encuentran: llevar una vida saludable y prolongada, ser sujeto de aprendizaje, y tener un nivel de vida suficiente. El desarrollo humano busca aumentar de forma equilibrada el conjunto de opciones valiosas para que las personas puedan seleccionar sus propios objetivos, priorizarlos y elegir la forma de llegar a ellos, siendo responsables de sus propias decisiones.",Quinquenal,Diciembre 2012,Descendente,Posición,"PNUD, Índice de Desarrollo Humano para las entidades federativas, México 2015.",00:00.0,13,15,15,15,13,13
"Posición en el contexto nacional en la prueba de ENLACE, en primaria asignatura Español","Posición de Jalisco con relación al total de entidades, tomando como criterio de ordenamiento descendente la suma de los porcentajes de alumnos en los niveles bueno y excelente en  primaria, asignatura Español, en la prueba ENLACE. Es uno de los indicadores que contribuye a perfilar la calidad de los sistemas educativos estatales.",Anual,Septiembre 2013,Descendente,Posición,Dirección General de Evaluación Educativa de la Secretaría de Educación Jalisco.,00:00.0,21,21,21,26,17,14
"Posición en el contexto nacional en la prueba de ENLACE, en primaria asignatura Matemáticas","Posición de Jalisco con relación al total de entidades, tomando como criterio de ordenamiento descendente la suma de los porcentajes de alumnos en los niveles bueno y excelente en Primaria, asignatura Matemáticas, en la prueba ENLACE. Es uno de los indicadores que contribuye a perfilar la calidad de los sistemas educativos estatales.",Anual,Septiembre 2013,Descendente,Posición,Dirección General de Evaluación Educativa de la Secretaría de Educación Jalisco.,00:00.0,18,18,18,19,13,8
"Posición en el contexto nacional en la prueba de ENLACE, en secundaria asignatura Español","Posición de Jalisco con relación al total de entidades, tomando como criterio de ordenamiento descendente la suma de los porcentajes de alumnos en los niveles bueno y excelente en secundaria, asignatura Español, en la prueba ENLACE. Es uno de los indicadores que contribuye a perfilar la calidad de los sistemas educativos estatales.",Anual,Septiembre 2013,Descendente,Posición,Dirección General de Evaluación Educativa de la Secretaría de Educación Jalisco.,00:00.0,17,17,17,12,10,10
"Posición en el contexto nacional en la prueba de ENLACE, en secundaria asignatura Matemáticas","Posición de Jalisco con relación al total de entidades, tomando como criterio de ordenamiento descendente la suma de los porcentajes de alumnos en los niveles bueno y excelente en secundaria, asignatura  Matemáticas, en la prueba ENLACE. Es uno de los indicadores que contribuye a perfilar la calidad de los sistemas educativos estatales.",Anual,Septiembre 2013,Descendente,Posición,Dirección General de Evaluación Educativa de la Secretaría de Educación Jalisco.,00:00.0,18,18,18,19,15,13
"Posición en el contexto nacional en la prueba ENLACE, en media superior Habilidad Lectora","Posición de Jalisco con relación al total de entidades, tomando como criterio de ordenamiento descendente la suma de los porcentajes de alumnos en los niveles bueno y excelente en media superior, habilidad lectora, en la prueba ENLACE. Es uno de los indicadores que contribuye a perfilar la calidad de los sistemas educativos estatales.",Anual,Septiembre 2014,Descendente,Posición,Dirección General de Evaluación Educativa de la Secretaría de Educación Jalisco.,00:00.0,7,7,4,4,3,8
"Posición en el contexto nacional en la prueba ENLACE, en media superior Habilidad Matemática","Posición de Jalisco con relación al total de entidades, tomando como criterio de ordenamiento descendente la suma de los porcentajes de alumnos en los niveles bueno y excelente en  media superior, habilidad matemática, en la prueba ENLACE. Es uno de los indicadores que contribuye a perfilar la calidad de los sistemas educativos estatales.",Anual,Septiembre 2014,Descendente,Posición,Dirección General de Evaluación Educativa de la Secretaría de Educación Jalisco.,00:00.0,12,12,15,12,13,25
Posición general de acuerdo con los resultados de la prueba PISA en el área de Matemáticas,"Este indicador mide la calidad del sistema educativo estatal en el contexto nacional, referenciado por el resultado de la entidad en la prueba PISA, en el área de matemáticas.
PISA es conocida en español como el Programa Internacional de Evaluación de Estudiantes y es una prueba desarrollada por la Organización para la Cooperación y el Desarrollo Económicos (OCDE). Desde 1997, PISA se aplica cada tres años a jóvenes de 15 y 16 años, en más de 60 países del mundo; en México cubre principalmente la educación media superior, el bachillerato y sus modalidades de formación técnica, y también incluye alumnos de secundarias generales, técnicas y telesecundarias. 
La evaluación cubre las áreas de lectura, matemáticas y ciencias, y  busca conocer competencias y habilidades para analizar y resolver problemas, manejar información y enfrentar situaciones relacionadas con cada una de estas áreas. 
Cada año de aplicación, la prueba se concentra en alguna de las tres áreas evaluadas. En 2012 el énfasis se centró en matemáticas.",Trianual,Diciembre 2013,Descendente,Posición,IINEE (2013). México en PISA 2012. 1a edición. México: INEE,00:00.0,3,3,3,6,6,6
"Posición general de acuerdo con los resultados de la prueba PISA, en el área de ciencias","Este indicador mide la calidad del sistema educativo estatal en el contexto nacional, referenciado por el resultado de la entidad en la prueba PISA, en el área de ciencias.
PISA es conocida en español como el Programa Internacional de Evaluación de Estudiantes y es una prueba desarrollada por la Organización para la Cooperación y el Desarrollo Económicos (OCDE). Desde 1997, PISA se aplica cada tres años a jóvenes de 15 y 16 años, en más de 60 países del mundo.  En México cubre principalmente la educación media superior, el bachillerato y sus modalidades de formación técnica, y también incluye alumnos de secundarias generales, técnicas y telesecundarias. 

La evaluación cubre las áreas de lectura, matemáticas y ciencias y  busca conocer competencias y habilidades para analizar y resolver problemas, manejar información y enfrentar situaciones relacionadas con cada una de estas áreas. 

Cada año de aplicación, la prueba se concentra en alguna de las tres áreas evaluadas. En 2012 el énfasis se centró en matemáticas.",Trianual,Diciembre 2013,Descendente,Posición,INEE (2013). México en PISA 2012. 1a edición. México: INEE.,00:00.0,1,1,1,6,6,6
"Posición general de acuerdo con los resultados de la prueba PISA, en el área de lectura","Este indicador mide la calidad del sistema educativo estatal en el contexto nacional, referenciado por el resultado de la entidad en la prueba PISA, en el área de lectura.
PISA es conocida en español como el Programa Internacional de Evaluación de Estudiantes y es una prueba desarrollada por la Organización para la Cooperación y el Desarrollo Económicos (OCDE). Desde 1997, PISA se aplica cada tres años a jóvenes de 15 y 16 años, en más de 60 países del mundo.  En México cubre principalmente la educación media superior, el bachillerato y sus modalidades de formación técnica, y también incluye alumnos de secundarias generales, técnicas y telesecundarias. 

La evaluación cubre las áreas de lectura, matemáticas y ciencias, buscando conocer competencias y habilidades para analizar y resolver problemas, manejar información y enfrentar situaciones relacionadas con cada una de estas áreas. 

Cada año de aplicación, la prueba se concentra en alguna de las tres áreas evaluadas. En 2012 el énfasis se centró en matemáticas.",Trianual,Diciembre 2013,Descendente,Posición,INEE (2013). México en PISA 2012. 1a edición. México: INEE.,00:00.0,8,8,8,6,6,6
Posición que ocupa Jalisco en el Índice de Vulnerabilidad Social (IVS),"Este indicador permite focalizar geográficamente la población vulnerable y con su aplicación facilita el ejercicio equitativo de los recursos. Está integrado por los subíndices de las vulnerabilidades: familiar, de género, de poblaciones con discapacidad y tercera edad, educativa infantil y de salud infantil.
Es construido cada quinquenio debido a la información censal que principalmente lo alimenta. Entre mayor sea el valor (lugar), menos vulnerable es la entidad.
Tienen menor vulnerabilidad social las localidades y entidades federativas donde la mayoría de su población tiene mejores ingresos económicos, tiene afiliación a instituciones de seguridad social (IMSS, ISSSTE, Sedena, etc.), tiene los servicios públicos básicos en su vivienda (agua potable, drenaje y energía eléctrica), tiene dormitorios suficientes que evitan el hacinamiento; también, donde son menos los hogares con jefatura femenina, hay menos mujeres embarazadas, en lactancia o madres adolescentes; donde es menor la población con discapacidad o de la tercera edad; donde la mayoría de sus niños asisten a la escuela y aprovechan mejor su oportunidad de estudiar; donde los niños gozan de salud.",Quinquenal,Diciembre 2010,Ascendente,Posición,"DIF Nacional, Índice de Vulnerabilidad Social, 2010.",00:00.0,23,23,23,23,23,23
Proyectos de difusión y divulgación de ciencia y tecnología apoyados,"Este indicador se refiere a los proyectos orientados a la difusión y divulgación de la ciencia, tecnología e innovación.",Mensual,,Ascendente,Proyectos,Consejo Estatal de Ciencia y Tecnología de Jalisco. México: 2015.,00:00.0,15,52,35,122,73,86
Reprobación media superior,Es la relación porcentual de alumnos que finalizaron el ciclo escolar pero no cumplieron con los requisitos para ser promovidos del grado o nivel educativo que finaliza.,Anual,Noviembre 2013,Descendente,Porcentaje,http://www.snie.sep.gob.mx/indicadores_pronosticos.html .  Su valor para mayo de 2015 hace referencia actualización en diciembre 2014.,00:00.0,31,31,30.89,23.55,25.33,22.99
Reprobación primaria,Es la relación porcentual de alumnos que finalizaron el ciclo escolar pero no cumplieron con los requisitos para ser promovidos del grado o nivel educativo que finaliza.,Anual,Noviembre 2013,Descendente,Porcentaje,http://www.snie.sep.gob.mx/indicadores_pronosticos.html .  Su valor para mayo de 2015 hace referencia actualización en diciembre 2014.,00:00.0,0.41,0.41,1.07,2.3,3.07,3.44
Reprobación secundaria,Es la relación porcentual de alumnos que finalizaron el ciclo escolar pero no cumplieron con los requisitos para ser promovidos del grado o nivel educativo que finaliza.,Anual,Noviembre 2013,Descendente,Porcentaje,http://www.snie.sep.gob.mx/indicadores_pronosticos.html .  Su valor para mayo de 2015 hace referencia actualización en diciembre 2014.,00:00.0,8.58,8.58,9.07,12.33,16.14,20.2
Tasa de alfabetización 25 años y más,"Corresponde al porcentaje de la población mayor de 25 años que es capaz de leer y escribir, con entendimiento, una proposición simple y breve sobre su vida diaria. En general, el término “alfabetización” incluye también habilidades aritméticas, es decir, la capacidad de hacer cálculos matemáticos sencillos.",Quinquenal,Diciembre 2010,Ascendente,Porcentaje,"INEGI, Censo de Población y Vivienda, 2010.",00:00.0,93.87,93.87,93.87,93.87,93.87,93.87
Tasa de analfabetismo en mujeres,"Es el porcentaje de la población femenina de 15 años y más que no sabe leer ni escribir un texto breve y sencillo sobre un tema relativo a su vida cotidiana, ni posee el dominio del cálculo básico.",Quinquenal,Diciembre 2010,Descendente,Tasa,"INEGI, Censo de Población del 2010.",00:00.0,4.6,4.6,4.6,4.6,4.6,4.6
Tasa de divorcios por cada mil matrimonios,Es el riesgo de la población casada civilmente de incurrir en divorcio.,Anual,Febrero 2014,Descendente,Tasa,"INEGI, Estadísticas vitales, Diciembre 2013.",00:00.0,106.11,109.46,109.46,109.46,111.61,108.35